Id,ProductId,UserId,READDATE,RATING,Summary,Text
1,B001,U001,2024-01-15,5,Excellent coffee maker,This coffee maker is absolutely fantastic! The brew quality is outstanding and it's very easy to use. Makes perfect coffee every morning. Highly recommend for coffee lovers.
2,B001,U002,2024-01-18,4,Good but noisy,Works well and makes good coffee but it's quite loud when brewing. Otherwise satisfied with the purchase. The coffee tastes great.
3,B002,U003,2024-01-22,2,Disappointed with quality,Expected better quality for the price. The product feels cheap and broke after two weeks. Not worth the money. Customer service was unhelpful.
4,B003,U004,2024-02-01,5,Amazing wireless headphones,Best headphones I've ever owned! Sound quality is incredible and battery lasts forever. Very comfortable for long listening sessions. Worth every penny.
5,B003,U005,2024-02-05,5,Perfect for working from home,These headphones have great noise cancellation. I can focus on my work without any distractions. The microphone quality is also excellent for video calls.
6,B004,U006,2024-02-10,3,Average phone case,It's okay but nothing special. Protects the phone adequately but the design is bland. Expected more features for this price range.
7,B005,U007,2024-02-15,1,Terrible battery life,The battery dies within hours of charging. Very disappointing product. Would not recommend to anyone. Waste of money.
8,B006,U008,2024-02-20,4,Great yoga mat,Very comfortable and non-slip surface. Good thickness and quality material. Only downside is it's a bit heavy to carry around. Overall happy with it.
9,B007,U009,2024-03-01,5,Love this blender,Makes perfect smoothies every time! Very powerful motor and easy to clean. The different speed settings are very useful. Best kitchen appliance I own.
10,B007,U010,2024-03-05,4,Good blender for the price,Does what it's supposed to do. Makes good smoothies and is fairly quiet. The only issue is the plastic feels a bit cheap but it works well.
11,B008,U011,2024-03-10,2,Not durable,Looked great initially but started falling apart after a month. The stitching came undone and material feels flimsy. Expected better durability.
12,B009,U012,2024-03-15,5,Fantastic laptop stand,Improved my posture significantly! Very sturdy and adjustable to different heights. Great quality aluminum construction. Highly recommend for remote workers.
13,B010,U013,2024-03-20,3,Mediocre smart watch,Has some useful features but the interface is clunky. Battery life is okay but not great. For the price there are better options available.
14,B011,U014,2024-04-01,5,Best running shoes,These shoes are incredibly comfortable! Great support and cushioning. My knees don't hurt anymore after runs. Will definitely buy again.
15,B011,U015,2024-04-05,4,Comfortable but pricey,Very comfortable shoes with good arch support. The price is a bit high but the quality justifies it. Good for long distance running.
16,B012,U016,2024-04-10,1,Broke immediately,Product arrived damaged and broke on first use. Quality control is clearly lacking. Very disappointed and seeking a refund.
17,B013,U017,2024-04-15,5,Excellent desk lamp,Perfect lighting for reading and working. Adjustable brightness levels are great. Modern design looks good on my desk. Energy efficient too.
18,B014,U018,2024-04-20,4,Good vacuum cleaner,Strong suction power and easy to maneuver. The dust container is a bit small and needs frequent emptying but overall does a great job.
19,B015,U019,2024-04-25,3,It's okay,Does the job but nothing impressive. Average quality and performance. Probably wouldn't buy again but it works for now.
20,B016,U020,2024-04-30,5,Perfect gift,Bought this as a gift and the recipient loved it! Beautiful packaging and excellent quality product. Would definitely purchase again for future gifts.
21,B017,U021,2024-05-01,5,Outstanding tablet,The display is crystal clear and performance is blazing fast. Battery easily lasts all day with heavy use. Perfect for both work and entertainment.
22,B017,U022,2024-05-03,4,Great tablet with minor issues,Love the screen quality and speed but wish it had more storage. The camera could be better too. Still a solid purchase overall.
23,B018,U023,2024-05-05,2,Overpriced for what you get,Not impressed with this product. Similar items available for half the price with better features. Feel like I overpaid significantly.
24,B019,U024,2024-05-08,5,Best kitchen knife set,These knives are incredibly sharp and well-balanced. The quality is restaurant-grade. Makes food prep so much easier and enjoyable.
25,B019,U025,2024-05-10,5,Professional quality,As a chef I'm very picky about knives. This set exceeded my expectations. The edge retention is excellent and they're beautiful to look at.
26,B020,U026,2024-05-12,3,Decent backpack,It's functional and holds everything I need. Material seems okay but not premium. Straps are comfortable enough for daily commute.
27,B021,U027,2024-05-15,1,Horrible customer service,Product was defective and getting a replacement was a nightmare. Multiple emails ignored. Finally got refund after threatening chargeback.
28,B022,U028,2024-05-18,4,Nice office chair,Very comfortable for long work sessions. Good lumbar support and adjustable features. Assembly was straightforward. Worth the investment.
29,B023,U029,2024-05-20,5,Game changer for photography,This camera lens produces stunning images. The autofocus is lightning fast and the image stabilization works perfectly. A must-have for professionals.
30,B023,U030,2024-05-22,4,Great lens but heavy,Image quality is superb and the bokeh is beautiful. Only complaint is the weight - gets tiring during long shoots. Otherwise fantastic.
31,B024,U031,2024-05-25,2,Cheap materials,Looks nice in pictures but feels cheap in person. Plastic construction is disappointing. Already showing signs of wear after light use.
32,B025,U032,2024-05-28,5,Perfect smart speaker,Sound quality is amazing for the size. The voice assistant actually understands me. Seamless integration with my smart home devices.
33,B026,U033,2024-06-01,3,Average performance,Does what it claims but nothing extraordinary. Sound is acceptable but lacks bass. Voice recognition works about 70% of the time.
34,B027,U034,2024-06-03,5,Incredible gaming monitor,The 144Hz refresh rate makes gaming buttery smooth. Colors are vibrant and accurate. Zero motion blur. Best upgrade I've made to my setup.
35,B027,U035,2024-06-05,5,Perfect for competitive gaming,Response time is insanely fast. No input lag whatsoever. My gameplay has improved noticeably. Other monitors feel sluggish in comparison.
36,B028,U036,2024-06-08,1,Dead on arrival,Monitor arrived with dead pixels and backlight bleeding. Packaging was damaged. Quality control is non-existent. Returning immediately.
37,B029,U037,2024-06-10,5,Best air purifier,My allergies have improved dramatically since using this. Runs quietly and the air quality indicator is accurate. Filters are easy to replace.
38,B030,U038,2024-06-12,4,Effective but loud,Does a great job cleaning the air. The smell in my apartment is gone. However the highest setting is quite noisy. Good value overall.
39,B031,U039,2024-06-15,3,Mixed feelings,Works as advertised but the design is ugly. Takes up more space than expected. Replacement filters are expensive. Performance is good though.
40,B032,U040,2024-06-18,5,Amazing mechanical keyboard,The typing experience is phenomenal. Each keystroke feels satisfying. Build quality is solid metal. RGB lighting is customizable and beautiful.
41,B032,U041,2024-06-20,4,Great keyboard for typing,Love the tactile feedback and the sound. Keys are responsive and durable. Only wish it came with a wrist rest. Highly recommend for writers.
42,B033,U042,2024-06-22,2,Too loud for office,The clicks are way too loud for a shared workspace. My coworkers complained. Quality is fine but not suitable for quiet environments.
43,B034,U043,2024-06-25,5,Perfect standing desk,Smooth motor and stable at all heights. The memory presets are convenient. Great build quality. Has improved my back pain significantly.
44,B035,U044,2024-06-28,4,Good electric toothbrush,My teeth feel much cleaner than with manual brushing. Battery lasts about two weeks. The timer is helpful. Only complaint is the charging base design.
45,B036,U045,2024-07-01,3,Works but nothing special,Gets the job done but didn't notice huge improvement over regular toothbrush. Battery life is just okay. Replacement heads are pricey.
46,B037,U046,2024-07-03,5,Excellent espresso machine,Makes cafe-quality espresso at home. The steam wand froths milk perfectly. Easy to clean and maintain. Best purchase of the year.
47,B037,U047,2024-07-05,5,Barista quality at home,Finally can make lattes as good as my favorite coffee shop. Temperature control is precise. Build quality is outstanding. Worth every dollar.
48,B038,U048,2024-07-08,1,Leaks everywhere,Water leaks from multiple points. The pressure is inconsistent. Tried troubleshooting but nothing works. Complete waste of money.
49,B039,U049,2024-07-10,5,Best fitness tracker,Accurate heart rate monitoring and sleep tracking. Battery lasts over a week. The app is intuitive and provides great insights. Love it.
50,B039,U050,2024-07-12,4,Very accurate tracking,Impressed with the accuracy of step counting and calories. Water resistant works well for swimming. Syncs quickly with phone. Great value.
51,B040,U051,2024-07-15,3,Basic functionality,Does the basics well enough. App could be better designed. Battery drains faster than advertised. Decent for the price point.
52,B041,U052,2024-07-18,5,Love this rice cooker,Makes perfect rice every single time. The keep-warm function is fantastic. Easy to clean. Much better than my old cooker.
53,B042,U053,2024-07-20,4,Great for meal prep,Makes large batches perfectly. The timer function is convenient. Wish it had more cooking modes. Otherwise very satisfied.
54,B043,U054,2024-07-22,2,Burns the rice,Rice comes out either undercooked or burnt. Very inconsistent results. The non-stick coating is already peeling. Not recommended.
55,B044,U055,2024-07-25,5,Perfect travel adapter,Works in every country I've visited. Multiple USB ports are super convenient. Compact and well-made. Essential for international travel.
56,B045,U056,2024-07-28,4,Handy for trips,Saved me from buying adapters in every country. USB charging works great. A bit bulky but manageable. Good investment for travelers.
57,B046,U057,2024-08-01,3,Does the job,Works as expected but feels cheaply made. The plugs are a bit loose in some sockets. Gets warm during use. Adequate but not impressive.
58,B047,U058,2024-08-03,5,Incredible soundbar,The sound quality rivals my old surround sound system. Deep bass and clear dialogue. Setup was incredibly easy. Living room audio is transformed.
59,B047,U059,2024-08-05,5,Theater experience at home,Movies and games sound amazing with this soundbar. The wireless subwoofer adds great depth. Bluetooth connectivity works flawlessly.
60,B048,U060,2024-08-08,1,Connection issues,Constantly disconnects from TV. Audio lag makes it unusable for gaming. Customer support was no help. Very frustrating experience.
61,B049,U061,2024-08-10,5,Best portable charger,Charges my phone multiple times. Fast charging works perfectly. Compact and lightweight. Always in my bag now.
62,B049,U062,2024-08-12,4,Reliable power bank,Great capacity and charges devices quickly. LED indicator is helpful. A bit heavier than expected but worth it for the battery life.
63,B050,U063,2024-08-15,3,Average battery pack,Charges phone twice which is okay. Takes forever to recharge itself. Build quality is acceptable. Nothing special but functional.
64,B051,U064,2024-08-18,5,Amazing robot vacuum,My floors have never been cleaner. Smart navigation avoids obstacles perfectly. Scheduling feature is so convenient. Best lazy purchase ever.
65,B051,U065,2024-08-20,5,Life changing device,Saves me hours every week. Cleans under furniture I couldn't reach. The app controls are intuitive. Worth every penny.
66,B052,U066,2024-08-22,2,Gets stuck constantly,Keeps getting stuck on carpets and corners. Navigation seems random. Battery dies before finishing one room. Very disappointed.
67,B053,U067,2024-08-25,5,Perfect instant pot,Meal prep is so much faster now. The pressure cooking is magical. Easy to use and clean. Every kitchen should have one.
68,B054,U068,2024-08-28,4,Great multi-cooker,Makes cooking so convenient. Rice and soups come out perfect. Yogurt function works well. Wish it was a bit larger.
69,B055,U069,2024-09-01,3,Learning curve,Takes time to figure out all the functions. Results are good once you get it. Instructions could be clearer. Decent appliance.
70,B056,U070,2024-09-03,5,Best webcam for streaming,Video quality is crystal clear even in low light. Autofocus works flawlessly. Makes me look professional on video calls. Highly recommend.
